<?xml version="1.0" encoding="UTF-8" standalone="yes"?>
<manifest>
  <control namespace="VideopUploader" constructor="VideoComponent" version="0.0.2" display-name-key="Video Uploader" description-key="VideoComponent description" control-type="standard" api-version="1.2.2">
    <property name="videoSrc" display-name-key="Video Source" description-key="Video Source" of-type="SingleLine.Text" usage="bound" required="true"/>
    <resources>
      <code path="bundle.js" order="1"/>
    </resources>
    <feature-usage>
      <uses-feature name="WebAPI" required="true"/>
    </feature-usage>
    <built-by name="pac" version="1.3.1"/>
  </control>
</manifest>